{
  "crowdSpawnInfos": [
    {
      "crowdTypeID": 15,
      "animConfigID": 1,
      "spawnPosition": {
        "x": -453.889282,
        "y": 209.153244,
        "z": 354.911865
      },
      "spawnFaceFwd": {
        "x": -0.6123752,
        "y": 0.0,
        "z": -0.7905673
      },
      "hairColor": {
        "r": 0.137254909,
        "g": 0.137254909,
        "b": 0.137254909,
        "a": 1.0
      }
    },
    {
      "crowdTypeID": 16,
      "animConfigID": 2,
      "spawnPosition": {
        "x": -454.2864,
        "y": 209.153214,
        "z": 354.132172
      },
      "spawnFaceFwd": {
        "x": 0.6216397,
        "y": 0.0,
        "z": 0.783303261
      },
      "hairColor": {
        "r": 0.235294119,
        "g": 0.215686277,
        "b": 0.23137255,
        "a": 1.0
      }
    },
    {
      "crowdTypeID": 20,
      "animConfigID": 1,
      "spawnPosition": {
        "x": -565.0946,
        "y": 210.022232,
        "z": 296.378632
      },
      "spawnFaceFwd": {
        "x": 0.752045453,
        "y": 0.0,
        "z": -0.659111261
      },
      "hairColor": {
        "r": 0.3764706,
        "g": 0.243137255,
        "b": 0.172549024,
        "a": 1.0
      }
    },
    {
      "crowdTypeID": 21,
      "animConfigID": 2,
      "spawnPosition": {
        "x": -564.6009,
        "y": 210.022232,
        "z": 295.735321
      },
      "spawnFaceFwd": {
        "x": -0.7033357,
        "y": 0.0,
        "z": 0.710857868
      },
      "hairColor": {
        "r": 0.137254909,
        "g": 0.137254909,
        "b": 0.137254909,
        "a": 1.0
      }
    }
  ]
}