{
  "crowdSpawnInfos": [
    {
      "crowdTypeID": 22,
      "animConfigID": 1,
      "spawnPosition": {
        "x": -645.2365,
        "y": 219.542953,
        "z": 259.782959
      },
      "spawnFaceFwd": {
        "x": 0.673388958,
        "y": 0.0,
        "z": 0.73928833
      },
      "hairColor": {
        "r": 0.137254909,
        "g": 0.137254909,
        "b": 0.137254909,
        "a": 1.0
      }
    },
    {
      "crowdTypeID": 22,
      "animConfigID": 1,
      "spawnPosition": {
        "x": -643.6695,
        "y": 219.542953,
        "z": 259.763031
      },
      "spawnFaceFwd": {
        "x": -0.761156559,
        "y": 0.0,
        "z": 0.6485682
      },
      "hairColor": {
        "r": 0.235294119,
        "g": 0.215686277,
        "b": 0.23137255,
        "a": 1.0
      }
    },
    {
      "crowdTypeID": 23,
      "animConfigID": 1,
      "spawnPosition": {
        "x": -644.632263,
        "y": 219.542953,
        "z": 260.771271
      },
      "spawnFaceFwd": {
        "x": -0.278361619,
        "y": 0.0,
        "z": -0.9604764
      },
      "hairColor": {
        "r": 0.3764706,
        "g": 0.243137255,
        "b": 0.172549024,
        "a": 1.0
      }
    }
  ]
}